상권_코드,상권_코드_명,연평균_매출_금액,연평균_매출_건수,분기_수,연평균_매출_금액_log,편의점_점포수,점포당_평균매출,점포당_평균매출_log
3001491,이태원 관광특구,5327001941.5,845856.75,4,22.39605442953298,17,313353055.38235295,19.56284108848033
3001492,명동 남대문 북창동 다동 무교동 관광특구,17513841279.25,2446175.75,4,23.586257335555334,76,230445279.9901316,19.255523999551336
3001493,동대문패션타운 관광특구,5215787363.25,667359.75,4,22.37495589468344,27,193177309.75,19.079119033663975
3001494,종로·청계 관광특구,4882004313.25,723317.75,4,22.30882169262224,40,122050107.83125,18.619942246496823
3001495,잠실 관광특구,13463960241.25,1869892.0,4,23.323282340937656,48,280499171.6927083,19.452081333520567
3001496,강남 마이스 관광특구,5855352384.0,405939.25,4,22.49062201749673,8,731919048.0,20.41118047701238
3110003,세검정초등학교,202145361.75,27703.0,4,19.12449761413916,3,67381787.25,18.025885335364922
3110012,성곡미술관,259077851.0,40039.0,4,19.37263916136921,1,259077851.0,19.372639161369214
3110020,서울국제고등학교,192223845.5,36378.0,4,19.074171118084177,5,38444769.1,17.46473322645915
3110021,성균관대학교,367992005.5,60500.0,2,19.7235717744299,2,183996002.75,19.030424596587405
3110028,이화달팽이길,2896545033.25,420599.75,4,21.786784496196415,4,724136258.3125,20.400490136112243
3110037,신설동역 12번,382237793.75,57702.0,4,19.761553472244053,2,191118896.875,19.068406294300278
3110038,경향신문사,473093516.0,60850.0,4,19.9748036372735,3,157697838.66666666,18.876191352832883
3110041,남산케이블카,99592688.75,15523.0,4,18.416599323776865,4,24898172.1875,17.030304992779666
3110043,충무초등학교,583154691.5,83248.75,4,20.183963047883672,6,97192448.58333333,18.39220358722967
3110053,청구역 1번,726547589.0,96318.5,4,20.403814544679165,7,103792512.71428572,18.457904403882083
3110054,청구역 3번,324632608.0,47914.75,4,19.598204667025588,3,108210869.33333333,18.49959238451829
3110058,성심여자고등학교,134942820.5,17114.25,4,18.720361702237977,8,16867852.5625,16.64092021243196
3110060,효창공원앞역 6번,318574343.5,45967.5,4,19.57936642646025,3,106191447.83333333,18.480754144070108
3110064,효창공원앞역 2번,245634699.0,38166.75,4,19.319356030902195,5,49126939.8,17.70991813475244
3110066,서울역 15번,1172889284.0,171527.0,4,20.882736015973837,5,234577856.8,19.273298106950115
3110067,배문고등학교,204877190.0,26705.75,4,19.13792128929689,4,51219297.5,17.75162694281992
3110068,남영역 1번,1052184949.75,174823.75,4,20.77413474450711,5,210436989.95,19.164696835874622
3110069,숙대입구,530500068.5,91355.75,4,20.089330647026785,10,53050006.85,17.786745570997866
3110074,서울역 12번,993000000.0,17824.5,4,20.716241223016496,4,248250000.0,19.329946864917755
3110075,숙대입구역 1번,234220803.5,36625.0,4,19.27177483737725,5,46844160.7,17.662336942021053
3110079,후암동주민센터,482447354.25,70497.0,4,19.994382364500417,5,96489470.85,18.384944460357378
3110080,해방촌예술마을,166735303.75,25211.25,4,18.931918111440275,7,23819329.10714286,16.98600799837014
3110081,해방촌 남동측,659193084.0,93243.5,4,20.306527046516653,6,109865514.0,18.514767584873628
3110084,경리단길북측,276594345.5,35507.75,4,19.43806253772357,5,55318869.1,17.828624639751087
3110085,경리단길남측,1224835463.25,151059.75,4,20.92607235702409,6,204139243.875,19.134312891878213
3110088,오산고등학교,537462503.25,68269.5,4,20.1023695559979,3,179154167.75,19.00375727105098
3110090,한국폴리텍대학서울정수캠퍼스,150336396.25,19800.0,4,18.828385989411554,2,75168198.125,18.13523881550336
3110095,한강진역 3번,212551600.25,34813.5,4,19.174695346262222,2,106275800.125,18.481548170407017
3110102,옥수역 6번,219344276.75,34918.25,4,19.20615309793282,4,54836069.1875,17.81985875049006
3110115,상왕십리역 3번,218241328.75,29226.75,4,19.20111202566349,2,109120664.375,18.50796484968563
3110124,뚝섬역교차로,795175369.25,119059.75,4,20.49407323980131,4,198793842.3125,19.107778882454173
3110125,사근동살곶이상점가,361312930.0,63478.25,4,19.705254985679463,6,60218821.666666664,17.91349553028983
3110128,성원중학교,640397031.75,85852.0,4,20.27759890564387,5,128079406.35,18.668160999455893
3110131,성수동카페거리,594770246.0,102376.5,4,20.203685749443054,4,148692561.5,18.817391393367128
3110134,성수119안전센터,1653168962.75,217076.25,4,21.22595986698624,6,275528160.4583333,19.43420040078268
3110136,경수초등학교,131950923.25,23306.25,4,18.697940625436253,10,13195092.325,16.39535560064938
3110137,성수초등학교,2540534842.75,419714.25,4,21.655640464215956,9,282281649.1944444,19.458415890028675
3110139,자양4동주민센터,530746470.25,73022.0,4,20.08979500991508,9,58971830.027777776,17.89257044765197
3110140,건대입구역 6번,1312802484.5,204441.25,4,20.995429991019897,10,131280248.45,18.692844904881415
3110141,건대입구역 1번,436053099.0,65954.75,4,19.893274582888456,4,109013274.75,18.506980228648462
3110142,화양사거리,1575113008.25,221676.5,4,21.177592858554725,11,143192091.6590909,18.779697592105105
3110144,어린이대공원역 4번,99927039.0,16961.75,4,18.41995087766476,4,24981759.75,17.033656546566768
3110145,장안초등학교,333591416.75,60167.75,4,19.62542750194888,2,166795708.375,18.93228032438661
3110146,신자초등학교,173428171.25,21925.75,4,18.971274078837123,3,57809390.416666664,17.872661801701163
3110147,능동우편취급국,492651764.5,75974.5,4,20.015313124406436,7,70378823.5,18.069402987530108
3110150,중곡1동 마을마당,136683308.5,19826.0,4,18.73317719840959,5,27336661.7,17.12373931524022
3110151,자양한강도서관,667881568.0,93004.0,4,20.31962142386668,6,111313594.66666667,18.527861962124984
3110154,광진정말공원,419933345.25,59709.0,4,19.855606557242844,5,83986669.05,18.246168654334063
3110155,광진구청,331812653.75,51916.5,4,19.620081074685903,4,82953163.4375,18.23378672260726
3110156,군자역 5번,335415349.0,51571.0,4,19.630880172555397,7,47916478.428571425,17.68497004138835
3110157,자양동우체국,269705882.5,38072.0,4,19.412842602851622,5,53941176.5,17.803404705248493
3110158,중곡3동주민센터,224963196.75,28571.25,4,19.231447381234837,6,37493866.125,17.439687934232637
3110159,구의역 4번,394887674.0,58926.0,4,19.794111915336803,4,98721918.5,18.407817561814007
3110162,군자역 4번,442851354.25,62483.25,4,19.90874473050648,1,442851354.25,19.908744730506477
3110163,성자초등학교,323374668.25,43693.0,4,19.594322175663606,3,107791556.08333333,18.495709893180273
3110165,국립정신건강센터,412306254.5,51671.5,4,19.837276969766737,4,103076563.625,18.450982615922992
3110166,구의1동주민센터,460808980.5,67312.25,4,19.94849415825844,4,115202245.125,18.562199803648838
3110167,용마초등학교,457597969.75,57512.75,4,19.941501563470204,5,91519593.95,18.3320636597774
3110168,대원고등학교,136122634.75,21704.0,4,18.72906677083884,4,34030658.6875,17.342772431757897
3110169,성동초등학교,248125699.5,34575.25,4,19.329446032575547,3,82708566.5,18.230833751967868
3110170,동대부여고,61704535.5,8243.5,2,17.937868011294334,5,12340907.1,16.328430163685287
3110172,광진초등학교,498799820.25,66644.0,4,20.02771541341003,3,166266606.75,18.929103128751542
3110174,아차산역 1번,338260637.75,44552.75,4,19.63932727684872,5,67652127.55,18.02988937623982
3110176,해오름공원,214777658.25,27166.0,4,19.185113907973843,5,42955531.65,17.575676014163655
3110180,광진정보도서관,148674838.0,21437.0,1,18.817272190657405,2,74337419.0,18.124125016823548
3110181,신설동역 9번,192174000.75,33648.0,4,19.073911778701785,6,32029000.125,17.282152335491816
3110182,용두희망어린이공원,134031702.25,18848.25,4,18.71358692134976,3,44677234.083333336,17.614974647603493
3110187,제기동역 6번,670660430.5,96202.5,4,20.323773503504388,7,95808632.92857143,18.377863363395477
3110188,용두동신동아아파트,221721836.0,33913.0,1,19.216934167706164,5,44344367.2,17.607496273312684
3110189,제기동역 1번,415644507.75,54469.0,4,19.845340906618688,2,207822253.875,19.152193728464646
3110190,고대앞사거리,427118583.5,66519.75,4,19.87257224809377,3,142372861.16666666,18.773959964108204
3110193,고려대역 4번,179835937.0,29484.5,4,19.007555537670743,4,44958984.25,17.621261193232723
3110204,간데메공원,187503792.25,28396.25,4,19.04930963383677,3,62501264.083333336,17.95069735583511
3110206,텃골근린공원,442389126.25,65757.5,4,19.90770043112988,6,73731521.04166667,18.115940973204093
3110207,시립대앞사거리,81114263.0,11835.0,1,18.211369385247902,2,40557131.5,17.518222217016245
3110210,서울시립대,1329017034.25,202830.0,4,21.00770543469168,5,265803406.85,19.398267525267325
3110212,답십리초등학교,276754667.0,41133.25,4,19.43864199661944,3,92251555.66666667,18.34002971517795
3110214,경희대후문,1029978750.75,208995.5,4,20.752804009606237,9,114442083.41666667,18.555579440037167
3110215,회기역 1번,280508711.5,47177.75,4,19.452115343050718,3,93502903.83333333,18.35350306151251
3110219,삼육보건대학교,1060169018.25,139554.25,4,20.78169418448189,8,132521127.28125,18.702252649404773
3110220,외대앞역 1번,1468299834.25,264488.75,4,21.10737099372857,7,209757119.17857143,19.161460848759614
3110226,장안1동주민센터,3271417222.5,416971.25,4,21.90848912964615,18,181745401.25,19.01811737694651
3110229,장평중학교,595934565.25,82598.25,4,20.20564143083132,6,99322427.54166667,18.413881969993447
3110230,장안현대홈타운1차아파트,1593544815.75,209611.0,4,21.18922681615162,5,318708963.15,19.579788906227645
3110232,동대부고,107515734.25,14956.0,4,18.493147769238902,4,26878933.5625,17.106853436021908
3110233,중랑역 1번,175502534.5,22467.0,4,18.98316404805928,5,35100506.9,17.373726158416872
3110236,신묵초등학교,159704355.0,20591.5,2,18.888834888956023,7,22814907.85714286,16.94292477747013
3110237,메가박스 상봉,160745575.0,20177.25,4,18.89533339970796,9,17860619.444444444,16.698108872139827
3110242,면목5동주민센터,334622118.25,44234.0,4,19.628512450877185,5,66924423.65,18.019074550396866
3110243,중랑노인종합복지관,755565816.25,92705.75,4,20.442977453354438,6,125927636.04166667,18.651217990743937
3110246,월드순복음교회,182281982.75,22373.5,4,19.02106540728296,3,60760660.916666664,17.922453129586863
3110247,먹골역 1번,587442058.0,90550.0,2,20.1912881761403,5,117488411.6,18.581850270515382
3110249,중화역 1번,115841316.25,17727.0,4,18.56773185782501,7,16548759.464285715,16.62182176056469
3110250,화랑대역 7번,202317363.5,29208.0,2,19.125348133847307,2,101158681.75,18.43220095823009
3110251,장안중학교,275095942.75,35849.5,4,19.432630481147783,4,68773985.6875,18.04633613093318
3110253,중곡초등학교,603889701.25,76966.25,4,20.218902127054584,4,150972425.3125,18.832607770902488
3110254,오거리공원,682188072.0,96003.75,4,20.34081594465321,8,85273509.0,18.261374413234478
3110255,상봉역 4번,1104720904.25,163904.25,4,20.822858565579445,11,100429173.11363636,18.424963301833134
3110257,상봉역 7번,220003865.75,30625.5,4,19.20915568029854,2,110001932.875,18.51600850428397
3110261,사가정역 4번,424699901.25,64939.5,4,19.866893365121005,7,60671414.46428572,17.920983230193315
3110262,상봉역 3번,1329535952.0,173494.0,4,21.008095810778887,7,189933707.42857143,19.062185666236427
3110263,면목역 1번,442114653.5,59150.75,4,19.90707980572505,5,88422930.7,18.29764190233838
3110264,면목역 2번,1642775628.25,211849.25,4,21.21965310505108,10,164277562.825,18.917068017535566
3110267,망우역 2번,253438085.5,41744.0,4,19.350630116451352,10,25343808.55,17.04804505896894
3110274,서일대학교,274136347.25,39364.0,4,19.429136161930263,5,54827269.45,17.819698264087442
3110277,러스크서울병원,685407599.5,90306.5,4,20.345524256488325,8,85675949.9375,18.266082725021388
3110278,망우본동주민센터,408040761.25,64732.25,4,19.826877634853503,7,58291537.321428575,17.880967500502607
3110285,홍대부중,87379038.25,12301.25,4,18.285765986348157,4,21844759.5625,16.89947165956144
3110286,한성대입구역 5번,269296922.25,43839.0,4,19.41132513272585,3,89765640.75,18.31271285148448
3110293,삼선중학교,329716209.75,53945.0,4,19.61374287501644,8,41214526.21875,17.534301354566985
3110295,정릉우체국,166880443.25,26381.25,4,18.932788211305716,5,33376088.65,17.32335032284087
3110297,경동고등학교,904305374.0,125811.0,4,20.622677665517,4,226076343.5,19.23638330771457
3110299,정릉역 1번,473782252.5,61184.5,4,19.976258393309976,5,94756450.5,18.366820489318574
3110303,성신여대입구역 1번,340712008.75,49805.5,4,19.646548132230052,5,68142401.75,18.037110231536076
3110304,보문역 4번,1283434257.0,205767.25,4,20.97280533608323,5,256686851.4,19.363367426765766
3110312,안암역 2번,324916757.25,66865.5,4,19.59907957902597,7,46416679.60714286,17.65316944843693
3110313,안암역 3번,1228895826.25,126640.75,4,20.929381901732743,7,175556546.60714287,18.983471757559865
3110317,종암중학교,621799475.25,105392.25,4,20.248128213275933,6,103633245.875,18.456368752089055
3110318,KT월곡지사,236234140.0,34342.5,2,19.28033399404261,3,78744713.33333333,18.181721713840677
3110325,장곡초등학교,499397521.0,61613.25,4,20.02891297384329,7,71342503.0,18.083002836802454
3110328,상월곡역 3번,370810768.0,49988.0,4,19.731202433844818,3,123603589.33333333,18.632590150570294
3110335,석계역 7번,1303648028.0,184056.25,4,20.98843234760584,4,325912007.0,19.602137988787184
3110341,북한산우이역 2번,581072289.0,97164.75,4,20.18038573048415,3,193690763.0,19.081773445257955
3110342,국립재활원,124664668.25,15729.75,4,18.64113804452352,2,62332334.125,17.94799087198509
3110343,무너미어린이공원,59541168.25,9812.0,4,17.902178551417528,5,11908233.65,16.292740706163833
3110346,4.19민주묘지역 2번,242151293.75,34358.5,4,19.30507327369164,2,121075646.875,18.611926097261343
3110348,강북문화예술회관,150260851.25,21784.0,4,18.82788335672469,4,37565212.8125,17.441589015570077
3110352,수유1동주민센터,334990413.0,40626.75,4,19.629612474454557,5,66998082.6,18.020174573961093
3110353,수유동우체국,36000000.0,4089.25,4,17.399029524198163,2,18000000.0,16.705882371415992
3110360,수유초등학교,575171467.0,76880.0,4,20.17017875952468,6,95861911.16666667,18.378419298989684
3110361,삼양사거리역 1번,133694289.5,17430.25,4,18.711066337345827,4,33423572.375,17.324771998665188
3110362,우이천 계성교,694913036.75,97704.25,4,20.35929727016065,5,138982607.35,18.74985936348266
3110364,미아역 8번,516008255.25,74950.5,4,20.06163332380233,6,86001375.875,18.26987386426404
3110365,미아역 5번,477652390.25,66793.75,4,19.98439381094851,4,119413097.5625,18.59809945610934
3110366,광산사거리,212005883.5,27466.0,2,19.172124589326536,4,53001470.875,17.785830242357196
3110367,강북구청,448262469.5,60598.0,4,19.92088949047525,4,112065617.375,18.53459513604787
3110369,성신여대운정그린캠퍼스,362720551.5,55787.0,4,19.70914326793583,8,45340068.9375,17.6297017455546
3110370,도봉세무서,316961394.0,42341.25,4,19.5742905420911,4,79240348.5,18.187996190436085
3110372,강북중학교,141350236.25,21596.75,4,18.766751320560196,3,47116745.416666664,17.668139046041336
3110376,수송초등학교,673514295.0,95849.0,4,20.32801978001852,8,84189286.875,18.248578248731928
3110383,덕성여대시반거리,722260455.0,118764.75,4,20.39789637418748,3,240753485.0,19.299284088288456
3110387,쌍문초등학교,788232389.25,97475.5,4,20.48530351582908,5,157646477.85,18.875865608469624
3110390,방학초등학교,299708416.75,33174.5,4,19.518320619146373,4,74927104.1875,18.13202626803621
3110394,방학중학교,315849211.0,43459.0,4,19.57077548045072,5,63169842.2,17.96133758068089
3110396,쌍문역1번(쌍리단길),2064974826.5,383715.25,4,21.448383873212467,5,412994965.3,19.83894596271544
3110397,도봉산입구,1496787501.25,212243.75,4,21.126586983243385,6,249464583.54166666,19.334827517355816
3110398,쌍문2동우체국,331895647.75,47990.75,4,19.62033116648073,5,66379129.55,18.010893266098613
3110399,창2동주민센터,1043343417.5,140144.0,4,20.765696219077576,8,130417927.1875,18.686254684106938
3110402,도봉구 정병원,360639655.0,46526.0,4,19.703389834955427,6,60106609.166666664,17.911630379591625
3110403,방학1동주민센터,1195935249.75,159922.25,4,20.902194352840432,7,170847892.82142857,18.956284208802114
3110404,신창초등학교,254929476.25,31953.25,4,19.356497505069065,9,28325497.361111112,17.159272959114073
3110405,방학역 1번,672061420.25,86627.0,4,20.32586029498028,8,84007677.53125,18.246418763716157
3110406,도봉산역 1번,605736742.5,87827.0,4,20.221956032980664,3,201912247.5,19.12334374761432
3110407,도봉역 2번,1151315621.75,146738.75,4,20.86417114521221,8,143914452.71875,18.784729609612373
3110408,가인초등학교,670327785.5,93091.5,4,20.323277384295643,4,167581946.375,18.936983027651177
3110409,창동역 2번,162558907.75,21776.75,4,18.90655100942585,3,54186302.583333336,17.80793873306098
3110410,방학역 2번,629861048.0,92640.25,4,20.261009795880693,7,89980149.71428572,18.31509965635129
3110415,수락산역 4번,961424114.75,136967.25,4,20.68392619710163,10,96142411.475,18.3813411134687
3110416,노원초등학교,394336218.25,52209.75,4,19.792714451717764,2,197168109.125,19.099567273693726
3110419,수락산디자인거리,372958942.5,54626.25,4,19.73697890050425,9,41439882.5,17.539754344618114
3110420,광운대역 1번,376907887.75,45495.0,4,19.74751138863652,2,188453943.875,19.054364210729744
3110421,석계역 1번,388914653.25,55471.25,4,19.77887047969659,2,194457326.625,19.0857233017079
3110423,석계역 2번,159873133.75,27149.25,4,18.889891150867932,6,26645522.291666668,17.09813171291468
3110425,계상초등학교,406212887.25,53338.5,4,19.822387935435373,3,135404295.75,18.72377565169079
3110428,상계5동주민센터,58567527.5,8644.5,2,17.885690979804963,4,14641881.875,16.499396669907995
3110429,공릉동 국수거리,963781396.0,133881.25,4,20.68637506026188,9,107086821.77777778,18.489150491226294
3110431,상계역,472844087.0,72800.0,1,19.97427626843973,3,157614695.66666666,18.87566398400135
3110438,경춘선숲길 우측,753191855.25,112085.25,4,20.439830542487545,6,125531975.875,18.648071079897903
3110439,당고개역 5번,779096685.5,118668.5,4,20.47364571230783,4,194774171.375,19.087351355038553
3110446,내를건너서숲으로도서관,99000000.0,13470.0,1,18.410630418199872,2,49500000.0,17.71748324774094
3110450,시립서북병원,1838011662.5,239322.5,4,21.33195020661603,7,262573094.64285713,19.386040060825113
3110452,새절역 3번,232596885.5,40663.25,4,19.264817412318664,4,58149221.375,17.878523064096626
3110453,신사1동주민센터,811486911.5,119883.75,4,20.51437881724728,5,162297382.3,18.904940909742404
3110454,선정중학교,439491672.75,57149.75,4,19.901129330086388,3,146497224.25,18.80251704596899
3110456,구산보건지소,886875990.5,115970.5,4,20.60321572384836,5,177375198.1,18.99377781592447
3110457,예일여고,351964213.0,45356.5,4,19.679040063621432,3,117321404.33333333,18.580427780635716
3110458,선일여고,187863571.5,26516.25,4,19.051226579170866,6,31310595.25,17.259467136557866
3110460,구산역 4번,760814721.75,107882.5,4,20.44990042067751,5,152162944.35,18.84046251350093
3110465,연신내역 7번,350589925.6666667,54127.0,3,19.675127798340604,2,175294962.83333334,18.981980620632992
3110466,구산역 2번,375207207.75,52446.25,4,19.742988987998128,4,93801801.9375,18.35669463487382
3110467,은평요양병원,408238947.25,54032.25,4,19.82736321841352,4,102059736.8125,18.441068864642265
3110468,응암역 3번,1109902615.5,142305.0,4,20.827538115539017,12,92491884.625,18.342631475661797
3110469,응암정보도서관,1636660570.0,204820.25,4,21.215923765637875,7,233808652.85714287,19.270013620248566
3110472,연신내역 4번,175791343.5,22986.0,4,18.98480830707722,4,43947835.875,17.598513963023017
3110473,구산역 1번,350602622.25,44715.0,4,19.675164012596834,7,50086088.89285714,17.729253880654912
3110474,세명컴퓨터고등학교,201394037.5,26427.25,4,19.120773937512723,5,40278807.5,17.511336044940183
3110475,백련산해모로아파트,638208022.75,83451.5,4,20.27417484419883,4,159552005.6875,18.8878804877796
3110477,은평세무서,68919576.0,10755.25,4,18.048450832054385,4,17229894.0,16.66215651446349
3110480,연신내역 3번,88135868.5,12024.0,4,18.2943901533347,3,29378622.833333332,17.195777887358826
3110481,불광역 7번,137442706.0,20303.75,4,18.738717711873544,3,45814235.333333336,17.640105437756954
3110483,연천초등학교,156988351.0,22921.75,4,18.871682169477484,3,52329450.333333336,17.773069893549174
3110484,역촌역 3번,511515287.25,65408.0,4,20.052888031961096,8,63939410.90625,17.973446503966088
3110495,북가좌2동주민센터,245808527.5,30856.0,4,19.32006345140234,3,81936175.83333333,18.221451170870644
3110498,증산역 1번,1015957764.5,139566.75,4,20.739097615848905,3,338652588.1666667,19.64048532914938
3110499,연가초등학교,533704048.5,68034.5,4,20.09535202887141,3,177901349.5,18.9967397439507
3110502,남가좌파출소,959299821.25,139758.25,4,20.6817142244968,5,191859964.25,19.072276316232408
3110503,명지대학교교회,236970901.25,49726.0,4,19.283447916245443,9,26330100.138888888,17.08622337266864
3110507,명지대학교,364883609.25,55517.25,4,19.7150889846676,14,26063114.94642857,17.076031690680136
3110508,서연중학교,152566792.25,20008.25,4,18.843113046647357,1,152566792.25,18.843113046647353
3110511,연희초등학교,1042299183.25,164674.5,4,20.76469486406509,7,148899883.32142857,18.818784720766285
3110514,서대문우체국,81377118.25,13521.75,4,18.21460470116465,6,13562853.041666666,16.422845293378924
3110519,서대문구보건소별관,435882348.25,60522.5,4,19.892882923729903,5,87176469.65,18.28344502047259
3110520,경의중앙 신촌역,30947116.666666668,4375.666666666667,3,17.247790424055925,1,30947116.666666668,17.247790424055925
3110522,홍제역 3번,63154937.0,10455.0,1,17.96110159847807,2,31577468.5,17.267954433752198
3110526,봉원사,116644624.25,17032.5,4,18.57464247950221,3,38881541.416666664,17.476030207980195
3110527,홍제역 2번,548131966.5,88946.5,4,20.122026632526463,3,182710655.5,19.02341434750711
3110529,홍제3동주민센터,737438206.5,110444.75,4,20.41869285622729,4,184359551.625,19.03239849917554
3110537,충정로현대아파트,1215057278.0,195738.75,4,20.918057055837597,3,405019092.6666667,19.819444768815497
3110538,충정로역 3번,157157724.0,25671.0,1,18.8727604768562,2,78578862.0,18.179613302659288
3110539,미근동,133415833.5,22660.5,4,18.70898138380188,2,66707916.75,18.0158342107373
3110541,동교초등학교,470688614.0,60379.75,4,19.969707318698354,5,94137722.8,18.360269414762442
3110542,마포구청역 7번,437408282.0,69055.75,4,19.896377602927505,6,72901380.33333333,18.104618145130416
3110544,망리단길,823173368.5,114274.25,4,20.528677391985138,14,58798097.75,17.88962007816242
3110545,마포구청역 1번,1747894001.75,219394.5,4,21.28167747318209,8,218486750.21875,19.202235935507073
3110546,양화대교북단,1413417103.75,122016.75,4,21.06927608799441,4,353354275.9375,19.68298172899704
3110549,새터산,152249079.75,22680.0,4,18.84102842676922,3,50749693.25,17.74241615123748
3110550,합정역 8번,181911867.0,27040.5,4,19.019032885999923,9,20212429.666666668,16.821808352641042
3110551,성서초등학교,301821068.75,40526.75,4,19.52534491547945,6,50303511.458333336,17.73358546281751
3110552,성미산체육관,241762993.25,47668.0,4,19.303468441628752,5,48352598.65,17.69403054573978
3110554,망원역 1번,205000400.0,32821.25,4,19.13852249319833,4,51250100.0,17.752228146712557
3110557,홍대부속여중고앞,700279720.5,102258.0,4,20.366990415330864,3,233426573.5,19.268378129518755
3110558,경성고등학교,924481634.25,134669.25,4,20.644743744072787,10,92448163.425,18.34215866081393
3110561,상수역 4번,318292377.25,46621.75,4,19.57848094678813,4,79573094.3125,18.19218659509353
3110562,연트럴파크(연남동주민센터),484778404.25,73856.0,4,19.999202448101045,7,69254057.75,18.05329231142252
3110566,경의선책거리,1090574364.75,174314.25,4,20.809970335457823,9,121174929.41666667,18.612745765457188
3110568,광흥창역 1번,963426204.75,138876.25,4,20.686006453108693,5,192685240.95,19.07656854482644
3110569,홍대땡땡거리,334837043.0,42275.75,4,19.62915453562016,2,167418521.5,18.93600735804674
3110576,대흥역 3번,293098083.0,49539.333333333336,3,19.496017868641676,3,97699361.0,18.397405586797216
3110578,대흥역 2번,262885675.75,46991.75,4,19.38722980647382,8,32860709.46875,17.307788291421527
3110579,마포역 4번,402110499.0,61408.0,1,19.812237484433805,1,402110499.0,19.812237484433805
3110582,이대역 5번,877355446.75,137283.0,4,20.59242276782567,4,219338861.6875,19.20612841012515
3110586,서울서부지방법원,266621898.75,38300.75,4,19.40134210693385,2,133310949.375,18.708194930124534
3110587,공덕동주민센터,63682064.75,9620.5,4,17.96941353851571,5,12736412.95,16.359975688893638
3110593,신월3동주민센터,1091358094.5,127395.0,4,20.81068871679879,7,155908299.2142857,18.864778573241214
3110594,신월중학교,143255020.0,20241.0,4,18.780136963555684,3,47751673.333333336,17.681524688848693
3110596,서서울호수공원,344876430.25,58290.25,4,19.65869674054748,4,86219107.5625,18.27240238812636
3110597,신월1동주민센터,116707402.25,16973.0,4,18.575180533548004,7,16672486.035714285,16.629270435903308
3110598,신월문화체육센터,581749192.75,77855.0,4,20.18154997424112,7,83107027.53571428,18.235639835499526
3110600,신월7동주민센터,282164356.0,34203.75,4,19.45800028536627,4,70541089.0,18.071705934878484
3110601,신월1동우편취급국,525911983.75,64908.25,4,20.08064442732824,6,87651997.29166667,18.28888496760748
3110604,신월4동주민센터,565952759.0,78717.75,4,20.15402116978671,4,141488189.75,18.767726813967613
3110606,신한은행 신월동지점,1074410130.75,134383.75,4,20.795037633275896,5,214882026.15,19.18559972456477
3110611,신정역 1번,467881102.0,61392.75,4,19.96372476818608,4,116970275.5,18.577430413478076
3110612,신정역 5번,943268610.0,134026.0,4,20.66486164733231,8,117908576.25,18.585420113073475
3110615,신서초등학교,953624487.75,150189.75,4,20.67578053426232,1,953624487.75,20.67578053426232
3110618,강서고등학교,860356446.5,119891.0,4,20.572857335178483,3,286785482.1666667,19.47424504883499
3110620,목동보건지소,154653788.5,20353.75,4,18.856699560513213,5,30930757.7,17.247261673943335
3110625,신정2동주민센터,263173517.0,47713.0,2,19.38832413685184,3,87724505.66666667,18.289711855783278
3110626,양화초등학교,67078716.75,10313.25,4,18.021377379501043,3,22359572.25,16.92276512064865
3110627,신정롯데캐슬아파트,564484090.0,80975.75,4,20.1514227586945,3,188161363.33333334,19.05281047356945
3110631,방화초등학교,104500719.0,12965.0,1,18.46470451929756,2,52250359.5,17.771557348306924
3110634,송정역 3번,665119506.25,93564.25,4,20.31547729262457,7,95017072.32142857,18.369567152590193
3110637,송정역 2번,259269818.0,43315.25,4,19.373379849596507,3,86423272.66666667,18.274767568642368
3110638,신방화역 2번,1452097340.25,223541.0,4,21.096274790530348,6,242016223.375,19.304515324745587
3110640,방화역 1번,477481251.25,68146.25,4,19.98403545481061,5,95496250.25,18.3745975507538
3110645,우장산역 4번,510867049.5,76609.25,4,20.051619939169782,4,127716762.375,18.66532558392226
3110646,푸른들청소년도서관,414190923.0,62047.75,4,19.84183759456593,9,46021213.666666664,17.64461303654448
3110647,화곡역 5번,524387778.25,68770.5,4,20.077742005329792,3,174795926.08333334,18.979129720475655
3110648,양천향교역 7번,1691205083.5,212916.0,4,21.248707179520856,11,153745916.6818182,18.85081191263543
3110649,우장산역 1번,1053538538.75,154147.5,4,20.77542037312126,2,526769269.375,20.0822731935105
3110651,화원중학교,1113013394.5,147148.75,4,20.83033694465706,6,185502232.41666666,19.038577479921315
3110652,양천향교역 2번,137553758.5,22087.75,4,18.739525376840664,6,22925626.416666668,16.947765943962033
3110653,화곡역 2번,1520751921.6666667,195758.66666666663,3,21.142470735452743,2,760375960.8333334,20.449323555550368
3110654,까치산역 4번,1509745450.5,194648.75,4,21.135206898397293,11,137249586.4090909,18.737311632222553
3110655,발산역 5번,282000000.0,22235.0,4,19.45741763244849,4,70500000.0,18.071123281966894
3110656,까치산역 3번,3032817478.0,352200.25,4,21.832757885470816,14,216629819.85714287,19.193700560142
3110657,양천향교역 5번,121436276.75,18781.0,4,18.614900220203108,5,24287255.35,17.005462340708096
3110658,화곡초등학교,710994891.0,91992.0,4,20.38217580349417,7,101570698.71428572,18.436265662877734
3110659,화곡역 4번,686498955.5,93889.5,4,20.34711526314201,16,42906184.71875,17.574526562752226
3110660,등촌3동주민센터,437456298.5,77309.75,4,19.89648737191577,7,62493756.928571425,17.95057723657612
3110662,까치산역 1번,798610904.5,104735.5,4,20.49838440827276,7,114087272.07142857,18.55247426673049
3110665,곰달래도서관,91236859.5,12765.75,4,18.32896954553812,5,18247371.9,16.719531676945948
3110667,가양역 10번,508567907.5,39039.5,4,20.04710931124232,1,508567907.5,20.04710931124232
3110668,화곡2동주민센터,471707236.0,57651.5,4,19.971869090515423,7,67386748.0,18.025958954179867
3110670,신곡초등학교,638038315.5,77362.5,4,20.27390889671573,5,127607663.1,18.66447099055085
3110671,등촌1동주민센터,780306252.5,111609.75,4,20.47519703328017,10,78030625.25,18.172611951820063
3110673,뜸부기어린이공원,547210590.75,74387.25,4,20.12034428035356,4,136802647.6875,18.734049924716018
3110675,화곡4동주민센터,687728633.25,82072.25,4,20.348904891128637,6,114621438.875,18.557145429170887
3110684,서울공연예술고등학교,215771474.0,27854.0,4,19.18973041947496,3,71923824.66666667,18.091118140075917
3110690,오류2동버들시장,269356392.75,40124.0,4,19.41154594451096,4,67339098.1875,18.025251594528726
3110695,개봉1동주민센터,72000000.0,9378.0,2,18.09217669086922,5,14400000.0,16.48273883399067
3110706,그라운드 고척,907694584.5,136298.0,4,20.6264185204025,4,226923646.125,19.240124162587684
3110710,남구로역 3번,947225981.75,126911.0,4,20.669048252830542,6,157870996.95833334,18.87728878888106
3110712,남구로역 5번,295388698.0,40616.0,4,19.503802670728533,4,73847174.5,18.117508319764752
3110713,구로보건소,95767304.75,11663.5,4,18.37743190859712,9,10640811.638888888,16.18020741479671
3110714,구로4동주민센터,681273083.5,101175.0,4,20.339473788872212,6,113545513.91666667,18.54771432698336
3110717,남구로역 2번,865053104.75,103801.25,4,20.57830145694226,10,86505310.475,18.2757163743522
3110720,대림역 2번,275157541.75,58753.25,4,19.43285437432345,6,45859590.291666664,17.641094923266806
3110721,가리봉파출소,183689094.75,26941.25,4,19.028755189414284,4,45922273.6875,17.64246084462634
3110722,G타워,867581696.25,128975.5,4,20.581220240855377,7,123940242.32142857,18.635310098715838
3110724,금천구립가산도서관,485749167.75,69026.75,4,20.00120293494913,5,97149833.55,18.39176503074973
3110725,가산동주민센터,1369063980.75,182024.25,4,21.03739311828188,6,228177330.125,19.245633652705955
3110727,독산역 1번 출입구,146759683.0,23012.75,4,18.804307004273785,7,20965669.0,16.858396896101635
3110729,가산동우체국,936670573.25,129276.75,4,20.657842203412407,7,133810081.89285715,18.71193206076276
3110730,서울축산농협 독산역지점(독산파출소),1621643173.0,217731.0,4,21.206705777069303,5,324328634.6,19.597267867101834
3110732,가산초등학교(세일중학교),607266891.0,85129.5,2,20.22447894266839,5,121453378.2,18.615041036821182
3110736,독산119안전센터,493371551.0,62106.5,4,20.016773103323928,6,82228591.83333333,18.225013644230224
3110737,금천세무서,960778816.25,126993.25,4,20.68325478149492,3,320259605.4166667,19.584642494908454
3110738,문성초등학교,97896093.66666669,15999.666666666666,3,18.399417215659785,1,97896093.66666669,18.399417215659785
3110740,금천해태공원,155732828.25,24593.25,4,18.86365246396847,5,31146565.65,17.254214577219383
3110743,시흥초등학교(시흥1동우체국),391459400.0,55380.75,4,19.78539236686837,5,78291880.0,18.175954464652442
3110744,독산동성당,710265913.0,89124.0,3,20.38114998464256,6,118377652.16666667,18.58939052245412
3110748,백산초등학교,282283780.5,47793.5,4,19.458423440280377,4,70570945.125,18.072129089788092
3110752,한울중학교,2064095313.25,261401.0,4,21.44795786288418,6,344015885.5416667,19.656198396078498
3110753,시흥동 은행나무사거리,1432597557.5,196385.0,4,21.082755107899143,7,204656793.92857143,19.136844963032026
3110757,양평역 2번,156449192.75,20642.5,4,18.86824187466224,7,22349884.67857143,16.922331763958038
3110759,문래예술촌(문래창작촌),2387388860.25,385317.25,4,21.593466078973883,6,397898143.375,19.801706611840167
3110760,선유도역 6번,351001026.5,57700.0,4,19.676299708776284,6,58500171.083333336,17.8845402537932
3110762,선유도역 1번,445146650.25,64073.75,4,19.91391433921052,12,37095554.1875,17.429007714133473
3110766,대림역 5번,180264757.5,22836.0,4,19.00993720872481,5,36052951.5,17.400499318480296
3110774,당산반도유보라팰리스아파트,613607108.0,87563.0,2,20.234865393673804,2,306803554.0,19.541718214743568
3110776,도신초등학교,394323852.5,46661.5,4,19.79268309283343,3,131441284.16666667,18.69407080923729
3110778,구로디지털단지역 4번,268158389.0,31258.75,4,19.407088371361688,7,38308341.28571428,17.46117824468121
3110783,영등포시장역 1번,177592845.75,27923.75,4,18.995004110402636,3,59197615.25,17.896391832996237
3110784,신대림초등학교,247649933.0,33062.0,1,19.327526750493337,1,247649933.0,19.327526750493337
3110785,영등포푸르지오아파트,228286319.75,31867.25,4,19.246111191833656,3,76095439.91666667,18.147498911926473
3110787,신길3동주민센터,656355574.5,81099.0,4,20.30221323588318,4,164088893.625,18.915918879333983
3110789,대림성모병원,410770561.75,75164.25,4,19.833545375101533,3,136923520.58333334,18.73493309130232
3110790,대림1동주민센터,90697324.25,11944.75,4,18.323038424573348,3,30232441.416666668,17.224426157956604
3110792,영등포역 2번,174662121.5,23003.0,2,18.97836393705741,2,87331060.75,18.2852167622228
3110794,영동초등학교,255852645.25,39499.0,4,19.360112236136285,5,51170529.05,17.750674339336186
3110809,장훈고등학교,205017490.0,33004.25,4,19.13860585541419,3,68339163.33333333,18.039993576501345
3110810,영신초등학교,607007175.75,89991.0,4,20.224051172265245,5,121401435.15,18.614613266420854
3110812,신길6동주민센터,1082414432.75,174779.25,4,20.80245996968205,3,360804810.9166667,19.703847682861664
3110815,공군호텔,723449368.0,115827.0,4,20.39954112093743,8,90431171.0,18.320099588933463
3110819,신대방역 4번,2632571011.0,256146.75,4,21.69122677672729,8,329071376.375,19.611785237706453
3110820,성남고등학교,31812435.0,5745.0,2,17.275367840485174,6,5302072.5,15.483608528428345
3110821,보라매역 2번,55256153.0,7745.0,1,17.827490276774714,5,11051230.6,16.21805243673074
3110823,신대방삼거리역 3번,248054769.5,37395.0,4,19.329160128536078,4,62013692.375,17.94286577951029
3110825,신대방삼거리역 1번,414556320.25,51930.75,4,19.842719400872436,6,69092720.04166667,18.050959943705465
3110828,노량진역 6번,219596670.75,37633.0,4,19.207303111519405,6,36599445.125,17.415543665060365
3110835,상도역 1번,64282407.0,10160.5,4,17.97879655923959,3,21427469.0,16.880184301684192
3110836,상도역 5번,1307535420.5,229776.5,4,20.991409844549786,10,130753542.05,18.688824758438916
3110837,숭실대입구역 1번,917553642.0,145261.0,4,20.63722160266892,5,183510728.4,19.027783694594234
3110839,숭실대입구역 4번,153625467.5,25317.0,4,18.85002817547967,6,25604244.583333332,17.058268738798304
3110840,중앙대학교,1692548100.0,141147.75,4,21.24950098243549,3,564182700.0,20.15088869494903
3110846,남성역 1번,344178390.0,50541.5,4,19.65667065941069,5,68835678.0,18.04723275859847
3110850,사당역 10번,408038920.5,60633.0,4,19.826873123651875,9,45337657.833333336,17.62964856592163
3110852,이수역 9번,464088863.0,68605.5,4,19.955586609094823,3,154696287.66666666,18.856974324736232
3110855,신대방역 2번,253877155.0,35995.25,4,19.352361070197052,7,36268165.0,17.40645094477522
3110856,미성초등학교,747961150.5,55777.25,4,20.43286159809268,7,106851592.92857143,18.486951457059174
3110861,관악구신사동주민센터,1121918104.0,158579.25,4,20.838305651186925,14,80137007.42857143,18.199248333158963
3110864,신림우방아파트,982296870.75,146283.25,4,20.70540413402229,5,196459374.15,19.09596622566028
3110865,남강고등학교(남강중학교),863710243.5,114433.75,4,20.576747905358825,3,287903414.5,19.478135619006302
3110866,난우중학교,346269094.5,42041.5,2,19.66272676340363,2,173134547.25,18.969579585731612
3110867,국제신학대학원대학교(남서울중학교),687245703.0,103801.5,4,20.348202433989727,5,137449140.6,18.738764527375963
3110869,"신림역 5번(신림동주민센터, 신림동별빛거리)",1390892054.5,191245.25,4,21.05321114479169,7,198698864.92857143,19.107301000050153
3110871,신원동주민센터,311341388.25,44346.0,4,19.556400582725573,3,103780462.75,18.45778830048128
3110873,당곡중학교,611501490.5,100616.75,4,20.231427952172744,6,101916915.08333333,18.439668491121285
3110877,신림역 8번,626808667.5,92073.75,4,20.25615189812077,4,156702166.875,18.86985754178703
3110879,신림현대아파트,322385139.75,44556.75,4,19.59125747804948,3,107461713.25,18.492645195585133
3110881,구립대학경로당(관악산샘말공원),1416852479.25,239169.0,4,21.071703685142985,17,83344263.48529412,18.238490352379408
3110882,신성초등학교,575461.0,12.0,1,13.262928475424497,10,57546.1,10.960359021915982
3110885,영락고등학교,411623198.25,59241.0,4,19.835618923916947,4,102905799.5625,18.449324570085277
3110886,관악해태어린이공원,875091287.25,131998.25,4,20.589838768308525,8,109386410.90625,18.510397234627852
3110890,봉천역 1번(관악초등학교),320981244.25,48578.75,4,19.586893253374964,3,106993748.08333333,18.488280970937748
3110892,관악구 중앙길,1357456836.25,199012.5,4,21.0288788135026,12,113121403.02083333,18.543972171817984
3110895,샤로수길,494229823.75,78585.75,4,20.018511199252657,9,54914424.86111111,17.821286638103242
3110897,서울대입구역 8번,131575291.0,20211.0,4,18.695089808468232,7,18796470.14285714,16.749179705014186
3110900,낙성대역 1번(관악구민 종합체육센터),519185671.75,85024.25,4,20.067772128115937,6,86530945.29166667,18.276012668518348
3110902,사당역 4번,851074378.5,127359.5,4,20.56201008518596,12,70922864.875,18.0771034483228
3110903,방배아이파크아파트,273881224.75,51955.5,4,19.42820508770734,4,68470306.1875,18.0419107375411
3110904,이수역 5번,109430275.5,18892.0,4,18.51079816012085,5,21886055.1,16.901360284239704
3110918,방배역 3번,695590317.25,88436.25,4,20.36027142178802,3,231863439.08333334,19.261659135995167
3110926,신중초등학교,418431211.0,86884.5,4,19.852023066403024,2,209215605.5,19.158875888232956
3110939,양재역 8번(양재동우체국),401826677.0,59765.25,4,19.811531404358,7,57403811.0,17.8656212702345
3110942,염곡동 구룡사(포이동성당),300939847.25,38074.5,4,19.52242096304154,12,25078320.604166668,17.037514349805694
3110955,논현초등학교,788431202.25,92387.75,4,20.485555710402323,9,87603466.91666667,18.288331143212833
3110971,선정릉역 4번,1051242334.0,135431.75,4,20.773238477904997,4,262810583.5,19.38694411963887
3110972,강남세브란스병원미래의학연구센터,118616374.66666669,14162.333333333334,3,18.59140510975756,2,59308187.33333334,17.898257937628152
3110975,매봉역 1번,917085573.5,150919.5,2,20.636711345932124,2,458542786.75,19.94356416646259
3110977,논현로18길,155375951.25,20576.0,4,18.861358236497207,4,38843987.8125,17.47506389468532
3110992,도곡초등학교,1004997650.0,195920.25,4,20.728251041141284,8,125624706.25,18.64880950642664
3110994,개포고등학교,622877355.5,62558.75,4,20.249860197821786,1,622877355.5,20.249860197821782
3110995,봉은사역 4번,273258512.0,36386.75,4,19.425928839155937,4,68314628.0,18.039634489014663
3110997,대청초등학교,1179152319.5,170141.5,4,20.888061644813224,12,98262693.29166667,18.40315500435396
3110999,윗방죽마을공원,1814729218.0,227753.75,4,21.319202102899588,2,907364609.0,20.626054922890688
3111003,삼전역 4번,1130660151.0,163829.25,4,20.846067504398903,12,94221679.25,18.361160864339734
3111004,삼전역 1번,1370811667.25,183783.75,4,21.038668859928794,13,105447051.32692307,18.473719511221194
3111005,삼전역 3번,95894203.25,14005.0,4,18.378756102678054,6,15982367.208333334,16.586996685590794
3111006,석촌고분역 1번,821493092.25,106043.5,4,20.52663408791995,9,91277010.25,18.329409520322095
3111007,석촌고분역 4번,626838327.25,86297.0,4,20.25619921566723,5,125367665.45,18.64676130961436
3111008,석촌고분역 3번,194347629.5,30723.0,4,19.085159023266392,3,64782543.166666664,17.98654674488912
3111010,석촌역 7번,368145313.75,50936.75,4,19.72398829522783,9,40905034.86111111,17.526763739622158
3111011,잠실나루역,937478420.0,156736.0,4,20.65870429794393,3,312492806.6666667,19.560092011409203
3111012,석촌역 6번,191744681.0,23427.5,4,19.07167526379836,6,31957446.833333332,17.279915820646647
3111013,송파나루역 1번(송리단길),527922468.25,75562.0,4,20.084459992347035,8,65990308.53125,18.00501846392672
3111015,석촌역 3번,697009456.5,95361.0,4,20.362309537499318,7,99572779.5,18.416399397052203
3111016,송파역 2번,202950681.0,30104.5,4,19.12847356167714,4,50737670.25,17.742179215339164
3111019,한성백제역 3번,206398113.0,29969.75,4,19.14531745393304,8,25799764.125,17.065875946168237
3111021,방이역 4번,607534305.5,96109.75,4,20.22491920318945,9,67503811.72222222,18.027694639021217
3111023,문정역 1번,820723868.5,123110.5,4,20.525697276495265,4,205180967.125,19.139402919030683
3111024,경찰병원역 4번(건너말공원),118013799.0,14975.5,4,18.586312124744463,3,39337933.0,17.48769985302352
3111026,문정역 2번,142017688.0,19233.0,4,18.771462178229815,5,28403537.6,17.162024293961224
3111027,문정초등학교,237427879.25,32989.75,4,19.285374473219036,6,39571313.208333336,17.493615025050005
3111028,문현중학교(장지역 1번),148881945.25,20547.0,4,18.81866424282164,5,29776389.05,17.209226357254458
3111031,장지동주민센터(한림연예예술고교),254125981.0,34052.25,4,19.35334069414536,1,254125981.0,19.35334069414536
3111032,방이역 1번,237960805.75,44915.5,4,19.28761654055391,8,29745100.71875,17.208175028290682
3111034,오동나무공원(송파레미니스1단지),341320404.25,43592.0,4,19.64833219893419,3,113773468.08333333,18.549719916125678
3111038,보인중학교,442964301.0,62684.0,1,19.908999742369694,2,221482150.5,19.21585256406727
3111042,거여역 1번(거여공원),379655378.5,56434.5,4,19.75477450315305,4,94913844.625,18.368480149935063
3111043,마천공원,154702629.66666666,19115.33333333333,3,18.85701532035454,3,51567543.22222222,17.758403044614457
3111044,남천초등학교,265701449.75,37254.5,4,19.39788387082052,5,53140289.95,17.788445973440908
3111046,마천역(마천초등학교),274195227.25,38545.25,4,19.42935092249759,10,27419522.725,17.126765862326874
3111047,마천1치안센터,66638606.25,9642.75,4,18.014794655994617,4,16659651.5625,16.628500339893673
3111052,암사역 3번(천호동자전거거리),223850964.5,31220.5,4,19.22649105579808,8,27981370.5625,17.14704954538905
3111053,성내천어린이공원(하니사랑길),311069001.25,48221.75,4,19.55552531772001,4,77767250.3125,18.16923096624428
3111056,천호태영아파트,245549529.5,33217.25,4,19.31900923841349,2,122774764.75,18.625862061926043
3111059,강동역 4번(강풀만화거리),213765324.5,32644.25,4,19.18038936145656,6,35627554.083333336,17.38862991561864
3111060,암사역 2번(서울강동초등학교),355101393.0,45494.5,4,19.687913923560355,11,32281944.818181816,17.290018678922955
3111061,암사역 1번,604951447.25,81565.75,4,20.2206587619484,7,86421635.32142857,18.274748622811238
3111063,강동구립 천호도서관,769092057.75,102067.5,4,20.46072123259366,5,153818411.55,18.851283325360498
3111066,암사동성당(효정하나플러스아파트),113916896.75,12744.25,4,18.550979773427795,4,28479224.1875,17.164685438642888
3111067,강동구립성내도서관,444099364.75,60319.75,4,19.91155889209198,6,74016560.79166667,18.119799434122665
3111069,천호1동주민센터,319498360.25,40257.0,4,19.582262702660728,3,106499453.41666667,18.48365042025243
3111070,천호초등학교,258130350.0,32574.5,4,19.368975251731047,4,64532587.5,17.98268090223319
3111072,굽은다리역 1번(십자성마을),501614383.5,65722.0,4,20.033342224104658,5,100322876.7,18.42390431964481
3111073,둔촌동역 1번(한산중학교),892995329.5,134253.75,4,20.610091909823744,9,99221703.27777778,18.412867341446137
3111074,명일역 1번,469533054.0,60908.66666666666,3,19.967249258820136,2,234766527.0,19.274102080389966
3111075,굽은다리역 2번,516804591.75,67468.25,4,20.06317539729333,4,129201147.9375,18.676881041978344
3111076,둔촌2동주민센터,367493644.0,49695.0,1,19.72221658395064,1,367493644.0,19.72221658395064
3111077,길동주민센터(강동도서관),747172543.0,95726.0,4,20.431806699021774,5,149434508.6,18.822368791941187
3111078,굽은다리역 4번,508150020.5,71406.0,4,20.04628727985839,6,84691670.08333333,18.25452782046995
3111079,둔촌고등학교(둔촌중학교),89739963.0,11347.666666666666,3,18.312426757353126,2,44869981.5,17.61927958793649
3111083,GS강동자이아파트,301005962.0,40057.0,1,19.52264063314815,4,75251490.5,18.13634628199484
3111085,묘곡초등학교(고덕아이파크아파트),1037152646.25,141154.0,4,20.75974495618049,4,259288161.5625,19.37345059795314
3111086,한영중고,252620787.25,35999.25,4,19.3474000616045,5,50524157.45,17.737962165004408
3111087,고덕중학교(고덕2동주민센터),237607104.75,34766.75,4,19.286129051360795,2,118803552.375,18.592981875009478
3111088,고덕동성당,576007583.0,79986.25,4,20.17163138524015,4,144001895.75,18.785337029328527
3111089,상일여고(상일초등학교),496148178.0,67272.5,4,20.02238518805678,7,70878311.14285715,18.07647505109463
3120001,서대문역,304024165.5,48939.0,4,19.53261775127672,8,38003020.6875,17.45317623262137
3120002,서촌(경복궁역),831994525.0,131833.25,4,20.539336419436918,6,138665754.16666666,18.747576956218516
3120003,광화문역,3109431719.75,580260.0,4,21.8577058199941,18,172746206.6527778,18.96733406756517
3120004,종로구청,783319338.0,127810.0,4,20.4790510111684,7,111902762.57142857,18.5331408697728
3120005,삼청동,412024043.5,91187.75,4,19.83659226604779,5,82404808.7,18.227154363321862
3120006,종각역,3200863060.75,460457.75,4,21.886686317184623,30,106695435.35833333,18.485488944582528
3120007,북촌(안국역),365211159.0,62413.5,4,19.715986264816213,6,60868526.5,17.924226809278867
3120008,인사동,1708590442.0,262385.5,4,21.25893456519781,7,244084348.85714287,19.313024419654166
3120009,종로3가역,4504911994.25,697449.25,4,22.22843419291024,36,125136444.28472222,18.64491526222343
3120010,원남동사거리,234221502.0,33574.5,4,19.27177781960148,2,117110751.0,18.578630643310998
3120011,종로4가,712900995.0,120382.0,4,20.384853113197277,4,178225248.75,18.998558756285544
3120012,대학로(혜화역),2109966945.25,263201.0,4,21.46993811902733,18,117220385.84722222,18.579566369188157
3120013,이화사거리,1053297676.25,145176.25,4,20.775191724592148,5,210659535.25,19.165753815955647
3120014,종로5가역,1172975694.5,193678.5,4,20.88280968645424,5,234595138.9,19.27337177743027
3120015,종로6가,431928449.5,68824.75,4,19.88377050864865,4,107982112.375,18.497476154474352
3120016,동대문역,762537780.25,118218.5,4,20.45216261439865,3,254179260.08333334,19.35355032835336
3120017,동묘앞역(동묘),1433464299.0,87543.0,4,21.083359938896667,4,358366074.75,19.69706557986961
3120018,중림동,787558739.0,115508.5,4,20.484448516358523,7,112508391.28571428,18.53853837492169
3120019,경찰청앞교차로,1074935180.0,188264.25,4,20.79552619996393,6,179155863.33333334,19.003766735387316
3120020,시청역_1번,564342516.0,85527.0,1,20.15117192477592,4,141085629.0,18.76487756897195
3120021,시청역_8번,801982959.5,143930.75,4,20.50259791934573,13,61690996.884615384,17.937648576847106
3120022,북창동(시청역_6번),2396881357.5,298035.25,4,21.597434295345582,9,266320150.83333334,19.400209721347032
3120023,서울시청,4947536534.25,775311.5,4,22.322155620001904,11,449776048.5681818,19.924260349224742
3120024,회현역,1835570939.25,302861.25,4,21.33062140916003,8,229446367.40625,19.251179871293722
3120025,롯데백화점(시청광장 지하쇼핑센터),54000000.0,12293.25,4,17.804494623047066,4,13500000.0,16.41820031748273
3120026,을지로입구역,2578469002.5,472795.25,4,21.670461650246715,14,184176357.32142857,19.031404325673208
3120027,명동역(명동재미로),1076926194.25,157628.25,4,20.797376704685227,7,153846599.17857143,18.851466561201324
3120028,명동(명동거리),5508268969.5,625032.0,4,22.42951624931844,23,239489955.1956522,19.294022037383282
3120029,을지로2가,1080848340.25,45335.25,4,20.80101207089537,5,216169668.05,19.19157416216207
3120030,중부경찰서(영화인의거리),569126984.25,100800.75,4,20.159614139862644,8,71140873.03125,18.080172610482347
3120031,을지로3가역,4278258547.0,793097.75,4,22.176811882433046,23,186011241.17391303,19.041317671646176
3120032,충무로역,2537898722.75,421093.75,4,21.65460230148261,22,115359032.85227273,18.563559856398857
3120033,을지로4가역,904094737.5,146714.5,4,20.62244471209106,3,301364912.5,19.523832425635106
3120034,중구청(퇴계로4가),271160468.25,39255.0,4,19.418221341053645,8,33895058.53125,17.33877982518878
3120035,퇴계로5가,1153470672.75,158710.0,4,20.86604121154445,3,384490224.25,19.767428924610236
3120037,동대문역사문화공원역,5906123263.5,862314.75,4,22.49925549111367,25,236244930.54,19.28037967030905
3120038,약수역,1908709729.5,265979.75,4,21.36969331695957,9,212078858.83333334,19.17246874381466
3120039,신당역,2918555283.0,346618.25,4,21.794354565036212,12,243212940.25,19.309447919017202
3120040,용산전자상가(용산역),2149101365.75,309074.0,4,21.488315622759124,15,143273424.38333333,18.780265428171266
3120041,신용산역(용산역),1347114935.75,214573.75,4,21.02123105868542,22,61232497.07954545,17.93018862091597
3120042,"숙대입구역(남영역, 남영동)",433683373.5,43198.0,4,19.88782527396891,4,108420843.375,18.50153091976651
3120043,서울역,5769179412.5,877997.75,4,22.475795691321565,21,274722829.1666667,19.431273257064838
3120044,삼각지역,168528168.0,24529.0,4,18.94261346885868,4,42132042.0,17.556319125539968
3120045,남영동 먹자골목,564702227.5,85717.75,4,20.15180912097847,2,282351113.75,19.45866194218937
3120046,이태원(이태원역),5762734067.75,911339.5,4,22.47467786375009,17,338984356.9264706,19.641464522470336
3120047,한남오거리,854076294.5,116806.25,4,20.56553108675533,7,122010899.21428572,18.61962094472515
3120048,금호역,462639965.25,62147.0,4,19.952459698863343,4,115659991.3125,18.566165344227976
3120049,왕십리역(왕십리),1716051917.75,331589.75,4,21.263292093236306,17,100944230.45588236,18.430078758503818
3120051,뚝섬역,1146261532.75,206227.25,4,20.85977164364354,9,127362392.52777778,18.662547073286532
3120052,성수역,5833383718.75,647253.5,4,22.48686306684189,24,243057654.94791666,19.308809240436773
3120053,건대입구역(건대),5094061367.0,622514.0,4,22.35134126054536,20,254703068.35,19.355608990721205
3120054,어린이대공원역,1390152363.5,237914.5,4,21.05267919282996,10,139015236.35,18.75009410631002
3120055,군자역,2105181670.5,323515.5,4,21.46766760510731,18,116954537.25,18.577295855286458
3120056,구의역,1628407761.75,236893.25,4,21.21086854168441,12,135700646.8125,18.725961898651477
3120057,아차산역,583535489.75,82115.25,4,20.18461583174864,8,72941936.21875,18.105174302064647
3120058,구의사거리,517915333.5,78949.5,4,20.065322339953656,3,172638444.5,18.966710055147182
3120059,구삼강변맛길,557986055.75,106632.75,4,20.139844532130155,7,79712293.67857143,18.1939343938278
3120060,강변역(테크노마트),2148388323.25,291896.0,4,21.487983781355044,6,358064720.5416667,19.696224314454312
3120061,올림픽대교북단,230067.0,8.0,1,12.346130196382754,3,76689.0,11.247526600758905
3120062,신설동역,2292526110.25,388343.5,4,21.552920151888262,25,91701044.41,18.334044337488862
3120063,청량리역(청량리),2513125936.25,385427.0,4,21.6447932085578,9,279236215.1388889,19.447568634404863
3120064,경희대학교(경희대),384185151.75,63612.75,4,19.76663516296585,20,19209257.5875,16.770902938867184
3120065,회기역,1534087649.75,142930.5,4,21.151201676948823,7,219155378.5357143,19.20529153180463
3120066,장한평역(장한평),4342981681.0,602906.75,4,22.19182697266842,26,167037756.96153846,18.93373044040335
3120067,장안동사거리,1933680414.25,267987.25,4,21.38269097484728,22,87894564.2840909,18.291648532349083
3120069,상봉역,1591194348.0,160206.0,4,21.187750734089988,14,113656739.14285715,18.548693412644692
3120070,한성대입구역,1192772205.0,191616.5,4,20.8995460196678,2,596386102.5,20.20639883994624
3120071,성북구청,308607212.5,50798.5,4,19.54757987253913,4,77151803.125,18.16128552114034
3120072,성신여대,922728155.25,170191.25,4,20.64284522714769,13,70979088.86538461,18.07789588269107
3120073,미아사거리,994927392.25,154884.5,4,20.71818032085227,3,331642464.0833333,19.619568034194355
3120074,안암역,259914191.0,41841.75,4,19.37586210373843,6,43319031.833333336,17.584102653747493
3120075,월곡역,629274859.75,66884.5,4,20.26007869974117,5,125854971.95,18.650640793663595
3120076,수유역,7631053196.75,1193315.5,4,22.75549170649812,35,218030091.33571428,19.200143649464184
3120078,미아사거리역,2537421659.75,207887.5,4,21.65441430822691,7,362488808.53571427,19.7085041615362
3120079,창동역,1504639496.5,186005.0,4,21.13181916990894,5,300927899.3,19.522381260133283
3120080,마들역,691736239.25,77202.0,4,20.35471528521555,4,172934059.8125,18.96842092843257
3120081,노원역,3618449332.75,612912.75,4,22.009311410168834,31,116724172.02419356,18.575324213974532
3120082,상계백병원,1248136836.75,123914.25,4,20.944917746516012,1,1248136836.75,20.944917746516015
3120083,등나무근린공원,1640088902.0,191125.25,4,21.2180162864596,3,546696300.6666666,20.119403999010935
3120084,공릉역,440377442.25,74374.5,4,19.90314274272269,8,55047180.28125,17.823701216938307
3120085,은행사거리,1076683536.25,131548.25,4,20.79715135466255,10,107668353.625,18.49456627002751
3120086,태릉입구역,967738025.5,159357.5,4,20.69047197483193,8,120967253.1875,18.611030440385456
3120088,구산역,410347345.5,68542.5,4,19.83251454558799,4,102586836.375,18.44622019177898
3120089,구파발역,135000000.0,27800.75,4,18.72078534381011,6,22500000.0,16.929025911619092
3120090,연신내역,2699331213.0,210484.5,4,21.71626988075583,12,224944267.75,19.231363235042913
3120091,본서부병원,2335427998.75,93461.0,4,21.571461008807805,5,467085599.75,19.96202309808645
3120092,불광역,520913518.25,71246.25,4,20.071094596016565,4,130228379.5625,18.684800240655786
3120093,연희동,1004115149.25,126847.75,4,20.727372543123447,5,200823029.85,19.117934634672952
3120094,"신촌역(신촌역, 신촌로터리)",7658782368.75,1264629.25,4,22.75911884850084,39,196379035.09615386,19.095557207332817
3120096,"이화여대(이대역, 이대)",1745520114.25,293510.25,4,21.28031840850484,15,116368007.61666666,18.572268215423158
3120097,충정로역,328887556.0,53652.0,4,19.6112264782758,6,54814592.666666664,17.819467024250507
3120098,DMC(디지털미디어시티),4512766656.75,654214.5,4,22.23017625198968,26,173567948.33653846,18.97207971950803
3120099,월드컵경기장역(월드컵경기장),231000000.0,11840.0,4,19.25792827281507,22,10500000.0,16.166885910365842
3120100,망원역,1327119599.0,143429.75,4,21.006276716343702,5,265423919.8,19.39683880692365
3120101,합정역,3365381802.0,486299.25,4,21.936807256608148,19,177125358.0,18.992368282790284
3120102,서교동(홍대),1573964895.0,257044.25,4,21.17686368427869,18,87442494.16666667,18.286491937183275
3120103,홍대입구역(홍대),9017016427.5,896197.25,4,22.922379343409958,37,243703146.6891892,19.31146143475818
3120104,연남동(홍대),4588518588.25,515921.75,4,22.24682306148461,26,176481484.16346154,18.988726528911513
3120105,상수역(홍대),894551761.5,161914.75,4,20.611833326762543,9,99394640.16666667,18.41460875836935
3120106,마포역,990897203.75,163927.75,4,20.714121358104773,9,110099689.30555555,18.516896788842047
3120107,공덕역(공덕오거리),624626774.75,69232.5,4,20.252664870530342,16,39039173.421875,17.480076172304905
3120108,신정네거리역,1218766971.0,114667.25,4,20.92110550592296,6,203127828.5,19.12934604079741
3120109,서울남부지방법원,159649514.5,23457.75,4,18.88849144235692,2,79824757.25,18.19534426806069
3120110,목동역 8번출구,2040872180.75,291638.75,4,21.43664309350685,9,226763575.6388889,19.239418520090524
3120111,목동사거리,378700149.5,57401.5,4,19.752255290284143,3,126233383.16666667,18.65364300689726
3120112,등촌역,957634139.0,128976.5,4,20.679976363201607,8,119704267.375,18.60053482883145
3120113,오목교역,1069780848.5,214342.75,4,20.790719650891663,7,152825835.5,18.844809507444975
3120114,목동신시가지,3007788869.25,500701.25,4,21.824471051159044,13,231368374.55769232,19.25952169768715
3120115,김포공항역(김포공항),1484897616.0,97040.75,4,21.11861166204313,6,247482936.0,19.32685219618231
3120118,마곡역(마곡),1026523077.75,104531.75,4,20.749443277122303,14,73323076.98214285,18.110385960171154
3120119,발산역(마곡),3643232527.5,478454.0,4,22.016137181785712,37,98465743.98648648,18.405219279022823
3120120,화곡역,2591108582.25,304890.5,4,21.675351645502385,9,287900953.5833333,19.478127071253645
3120121,까치산역,1388709582.25,177502.0,4,21.05164079552432,5,277741916.45,19.442202885970588
3120122,강서구청,3922410734.0,453080.25,4,22.08997228514234,19,206442670.21052632,19.145533310564915
3120123,오류동역,3794876276.0,389599.5,4,22.056917645681533,9,421652919.5555556,19.85969307045342
3120125,구로역,897423027.25,123908.25,4,20.61503791225336,9,99713669.69444445,18.417813343831554
3120127,구로구청,1232337945.5,189232.25,4,20.932178971666417,6,205389657.58333334,19.14041950649569
3120128,신도림역,786030356.75,71462.75,4,20.482505972739236,10,78603035.675,18.179920891195124
3120129,구로디지털단지,4084868504.25,630354.5,4,22.130555375082995,35,116710528.69285715,18.575207321916984
3120130,구로디지털단지역,2998883585.25,373441.25,4,21.82150591843736,12,249906965.4375,19.336599272317386
3120131,가산디지털단지,17476302602.25,2684018.0,4,23.58411166324676,111,157444167.58783785,18.874581468228662
3120132,독산동,1870143806.5,262808.0,4,21.34928116726249,25,74805752.26,18.130405355227524
3120134,구로전화국,281876167.75,36265.5,4,19.456978414554083,9,31319574.194444444,17.259753865599123
3120135,양평역,273696731.5,50724.25,4,19.42753123568608,3,91232243.83333333,18.32891895432533
3120136,영등포구청역,2582387440.0,433256.5,4,21.671980172722627,16,161399215.0,18.899391456291422
3120138,당산2동(영등포우체국),304290506.0,52543.0,1,19.533493418192617,2,152145253.0,18.840346240919004
3120139,대림3동사거리,2161509994.0,281456.75,4,21.4940728861649,14,154393571.0,18.855015562563956
3120140,문래동주민센터,223197211.75,41256.5,4,19.223566300714246,6,37199535.291666664,17.431806853887906
3120142,대림역,1064571836.75,140886.0,4,20.785838524990268,11,96779257.88636364,18.387943261585345
3120143,당산역,2054463698.25,259047.75,4,21.4432806772341,15,136964246.55,18.73523048294632
3120144,영중로,287230048.75,43580.5,4,19.47579401971375,5,57446009.75,17.86635612120577
3120145,영등포역(영등포),4992306243.0,539792.5,4,22.33116381308702,37,134927195.75675675,18.72024590765389
3120146,한강성심병원,45000000.0,6243.75,4,17.622173069956816,5,9000000.0,16.012735246411598
3120147,보라매역,563845242.25,91590.25,4,20.150290380409416,6,93974207.04166667,18.35853092004904
3120148,국회의사당역(국회의사당),3216329417.25,419252.75,4,21.891506614065317,27,119123311.75,18.595669756144733
3120149,여의도역(여의도),9854733905.75,1210293.75,4,23.011217776349422,35,281563825.87857145,19.455869718310133
3120151,보라매공원,2251141402.25,301056.5,4,21.534703214867832,6,375190233.7083333,19.74294374786087
3120152,신대방삼거리역,1655736851.75,167826.5,4,21.227511974938484,7,236533835.9642857,19.281601829506936
3120153,노량진역(노량진),5984568572.75,1186965.75,4,22.51245008877166,22,272025844.21590906,19.42140763892237
3120154,장승배기역,526903177.75,83279.25,4,20.082527368089767,7,75271882.53571428,18.136617230421745
3120156,"총신대입구역(이수, 총신대)",1696821776.0,192085.75,4,21.25202279529081,15,113121451.73333333,18.543972602439315
3120157,신림역(신림),5393321789.75,617891.5,4,22.408427319748757,24,224721741.23958334,19.230373493665343
3120158,녹두거리(대학동),1080966112.75,131258.5,4,20.801121027979868,8,135120764.09375,18.721679492775717
3120159,서울대입구역,5711540214.5,580315.5,4,22.465754564258543,18,317307789.6944444,19.575382809338812
3120160,사당역(사당),3107548400.5,440365.0,4,21.857099956931783,20,155377420.025,18.861367689491935
3120162,방배동카페골목,506153059.25,73543.5,4,20.04234967212333,5,101230611.85,18.432911767591975
3120164,내방역,708964527.75,90785.25,4,20.37931605327307,11,64451320.70454545,17.981420794579776
3120165,서래마을카페거리(서래마을),791794137.75,127535.5,4,20.48981199017142,4,197948534.4375,19.103517632840394
3120166,방배역,1577048667.25,234822.0,4,21.178821005738367,11,143368060.6590909,18.780925739280956
3120167,고속터미널(고속터미널역),353967774.25,75189.5,4,19.6847164365873,16,22122985.890625,16.91212775672426
3120169,서초역,1833133484.25,302287.0,4,21.329292626529465,15,122208898.95,18.62124243306445
3120170,삼호가든사거리,499446461.0,107411.25,4,20.02901096712517,5,99889292.2,18.419573062699936
3120171,서초3동사거리,2997435163.0,490360.25,4,21.82102281460699,14,214102511.64285713,19.18196548932877
3120172,교대입구교차로,1673324897.25,213975.0,4,21.23807844108278,12,139443741.4375,18.753171797868518
3120173,교대역(법원.검찰청),4461971903.5,742424.25,4,22.21885663632106,29,153861100.12068966,18.85156081260984
3120175,남부터미널역,1771747008.75,276824.25,4,21.295231907915102,15,118116467.25,18.5871817147147
3120178,신사역,2754284963.25,421602.5,4,21.736423704757588,22,125194771.05681819,18.645381259023758
3120179,양재역,1781770251.75,315020.25,4,21.30087323105589,23,77468271.81521739,18.165379027474014
3120181,교육개발원입구사거리,793377244.75,111921.0,4,20.491809386215547,3,264459081.58333334,19.393197100068306
3120182,"양재시민의숲역(양재동꽃시장, aT센터)",360662284.25,59912.25,4,19.703452580523443,11,32787480.386363637,17.30555733545184
3120183,양재천카페거리,155872.0,10.0,1,11.956796852106116,6,25978.666666666668,10.165069459759936
3120184,포이사거리(삼호물산),2838042959.0,381522.5,4,21.76638055299041,14,202717354.2142857,19.127323227955774
3120185,논현역,2069992337.75,319131.0,4,21.45081074312988,24,86249680.73958333,18.27275692389309
3120186,가로수길,3172908806.75,270899.5,4,21.87791460906198,12,264409067.22916666,19.39300796274083
3120187,신논현역,5401170105.5,813966.0,4,22.409881453432423,32,168786565.796875,18.944145556372195
3120188,압구정역,1769826195.25,327977.75,4,21.294147184501742,13,136140476.55769232,18.729197833820532
3120189,강남역,18095184225.5,2566970.75,4,23.61891167498241,60,301586403.7583333,19.524567116020844
3120190,강남을지병원,2796228725.75,409015.0,4,21.7515374629614,17,164484042.69117647,18.918324124627176
3120191,학동역,2542039732.5,340439.25,4,21.65623264039403,18,141224429.58333334,18.76586088918541
3120192,뱅뱅사거리,5858049378.75,812265.5,4,22.491082514771872,25,234321975.15,19.272206694000598
3120193,도산공원교차로,573157760.75,84708.25,4,20.16667156270002,6,95526293.45833333,18.374912102195566
3120194,언주역(차병원),2739356796.25,338662.75,4,21.730988984260147,12,228279733.02083334,19.24608233848769
3120195,성수대교남단,346875876.75,54893.5,4,19.664477572912222,6,57812646.125,17.872718118098543
3120196,서울세관,795675900.75,106287.25,4,20.49470250229156,8,99459487.59375,18.415260969409275
3120197,역삼역,9682405791.75,1386080.5,4,22.993576239664744,59,164108572.7415254,18.91603880174927
3120198,구역삼세무서,1022303562.0,158448.25,4,20.745324312999465,14,73021683.0,18.106266996100583
3120199,경복아파트교차로,3153451717.75,447473.25,4,21.871763473581343,7,450493102.53571427,19.925853326428708
3120200,학동사거리,1987701079.5,219275.25,4,21.410244571953776,17,116923592.91176471,18.57703123594706
3120201,도곡1동,632259777.0,96076.25,4,20.264810908796104,10,63225977.7,17.962225830036715
3120202,압구정로데오역(압구정로데오),2213038821.75,224320.0,4,21.517632440902567,15,147535921.45,18.8095822461265
3120203,강남구청역,2667998375.25,361177.0,4,21.704594356397653,18,148222131.95833334,18.814222604873308
3120204,르네상스호텔사거리,1308307444.0,181678.25,4,20.99200011205576,12,109025620.33333333,18.507093470675567
3120205,매봉역,487676485.0,82146.5,4,20.00516280545192,8,60959560.625,17.925721278125863
3120206,개나리아파트,1281668170.75,176137.0,4,20.97142832555252,10,128166817.075,18.668843239580568
3120207,선정릉역,2852475225.0,377610.5,4,21.771452954649643,15,190165015.0,19.063402758455453
3120208,청담사거리(청담동명품거리),2541877704.25,317456.75,4,21.656168898898617,14,181562693.1607143,19.01711157439769
3120209,"강남구청(청담역_8번, 강남세무서)",2388996903.5,308994.25,4,21.594139409558814,9,265444100.3888889,19.39691483557128
3120210,선릉역,10093312526.5,1434322.0,4,23.035138915501303,38,265613487.53947368,19.39755275944071
3120211,도성초등학교,321573298.5,63598.0,4,19.588736067879623,3,107191099.5,18.49012378543093
3120212,한티역,4079646343.75,459914.0,4,22.1292761413972,10,407964634.375,19.82669105060923
3120213,삼성중앙역,1480555947.25,203664.75,4,21.115683494896587,12,123379662.27083333,18.63077685253823
3120214,영동대교남단교차로,806957839.25,95808.25,4,20.50878198230448,5,161391567.85,18.899344074827265
3120215,포스코사거리,4262438512.5,652839.75,4,22.173107254466668,30,142081283.75,18.77190987960813
3120216,경기고교사거리(경기고교앞사거리),323608591.5,44886.75,4,19.595045295639107,9,35956510.166666664,17.39782074302411
3120217,대치사거리,1037950116.75,199297.25,4,20.76051356441784,5,207590023.35,19.15107565583749
3120218,코엑스,987597560.5,197129.0,4,20.7107858463152,6,164599593.41666666,18.919026382149934
3120219,은마아파트,5811956548.0,1110334.0,4,22.483183106542537,15,387463769.8666667,19.775132907849155
3120220,대치역,1800000228.75,301141.0,4,21.31105262948741,8,225000028.59375,19.231611091696465
3120221,봉은사역,816538254.25,128096.5,4,20.52058432200229,7,116648322.03571428,18.574674180295066
3120222,삼성역,6113261281.0,426250.0,4,22.533726229104776,19,321750593.7368421,19.589287252882755
3120223,휘문고교사거리,225731095.75,45100.5,4,19.23485501142868,7,32247299.39285714,17.28894488895367
3120224,수서역,8678283010.5,1828358.0,4,22.88408953631672,11,788934819.1363636,20.48619426467065
3120225,잠실새내역(신천),4921531828.5,715038.5,4,22.316885666451416,23,213979644.7173913,19.18139145499242
3120226,석촌고분역,1152656404.75,112605.0,4,20.86533503360562,8,144082050.59375,18.785893497998714
3120227,잠실역,6838867837.0,936370.5,4,22.645888034120564,28,244245279.89285713,19.31368352789338
3120228,석촌역(석촌호수),1367454536.5,214244.75,4,21.036216846735208,16,85465908.53125,18.26362813546471
3120229,방이동먹자골목,3269305657.25,421016.0,4,21.90784346238229,12,272442138.1041667,19.42293681595892
3120232,송파나루역,98159630.0,15310.5,4,18.40210559919116,7,14022804.285714285,16.45619551126077
3120233,몽촌토성역,3060310268.0,426271.25,4,21.841782142868603,9,340034474.2222222,19.6445575681465
3120234,가락시장역,3639064582.0,422847.25,4,22.014992502877043,11,330824052.90909094,19.61709723282663
3120235,문정역,6329004390.75,900151.5,4,22.56840877664833,43,147186148.62209302,18.80720866759088
3120236,장지역(가든파이브),2185012176.5,250433.5,4,21.504887238704978,6,364168696.0833333,19.71312777176524
3120237,경찰병원역,1456734352.75,217562.25,4,21.099463023411506,16,91045897.046875,18.326874311468725
3120239,오금역,294890173.25,47408.25,4,19.50211355430875,9,32765574.805555556,17.304889004101273
3120240,개롱역,587567568.5,84397.25,4,20.19150180928412,5,117513513.7,18.582063903657748
3120241,거여역,494628823.25,73190.0,4,20.019318189254832,5,98925764.65,18.409880284907604
3120242,강동구청역,664767733.0,53985.0,4,20.314948265429944,7,94966819.0,18.369038125400337
3120243,천호역,5754083522.5,759758.0,4,22.473175617698605,11,523098502.04545456,20.07528034663813
3120244,암사역,712039133.25,112814.25,4,20.38364343170006,5,142407826.65,18.77420552488363
3120245,둔촌역,1928189004.0,248267.25,4,21.37984705996898,14,137727786.0,18.740789737095803
3120246,길동역,3024427069.75,449871.5,4,21.82998751239196,14,216030504.98214287,19.190930187075033
3120247,굽은다리역,201801565.5,28189.25,4,19.12279542848993,4,50450391.375,17.736501082236124
3120248,명일역,1154852872.75,183311.75,4,20.867238790771754,7,164978981.82142857,18.92132864691191
3120249,고덕역,1336070154.75,197143.75,4,21.01299842247109,9,148452239.41666666,18.815773851122582
3130002,세종마을음식문화거리(금천교시장),1456662226.0,136605.75,4,21.09941350955507,4,364165556.5,19.71311915049468
3130024,남대문시장(자유상가),441000000.0,73956.5,4,19.90455543567869,5,88200000.0,18.295117532314887
3130035,방산종합시장(방산시장),115447103.25,21844.75,4,18.56432301116351,2,57723551.625,17.87117583926554
3130036,중부시장(신중부시장),579087013.0,68599.0,1,20.17696330749285,2,289543506.5,19.48381612865976
3130042,약수시장,247517070.0,35175.0,1,19.326990111331813,3,82505690.0,18.228377830743955
3130051,동화동 골목형상점가,219880961.25,27531.25,4,19.20859687719784,5,43976192.25,17.5991589829554
3130054,황학동주방가구거리상점가,103125137.0,12311.333333333334,3,18.45145374080004,4,25781284.25,17.06515940877102
3130063,신금호역 골목형상점가,318910278.5,46889.75,4,19.58042036570348,5,63782055.7,17.970982465812096
3130066,행당시장상점가,286215546.75,50141.75,4,19.47225574838397,2,143107773.375,18.7791085713179
3130067,왕십리도선동상점가,819548203.5,109774.0,4,20.52426377626081,7,117078314.78571428,18.578353634526604
3130068,마장축산물시장,556762527.75,75479.75,4,20.137649367216312,5,111352505.55,18.528211461966606
3130069,"한양대앞상점가(한양시장, 왕십리맛골목)",273057446.25,44808.25,4,19.42519276049924,2,136528723.125,18.732045583601522
3130070,뚝섬역상점가,573250935.75,88246.5,4,20.166834113804747,8,71656366.96875,18.08739258433597
3130072,성동용답상가시장,355896970.25,55680.5,4,19.69015184032901,3,118632323.41666667,18.591539557280502
3130086,서울약령시장,220976440.5,26873.0,4,19.21356665425238,5,44195288.1,17.604128759919757
3130095,청량리전통시장,1024622053.5,148317.0,4,20.74758965422308,3,341540684.5,19.648977367506905
3130098,회기시장,65472412.5,11472.5,2,17.997139443950424,3,21824137.5,16.89852718582953
3130117,정릉시장,635975975.5,84721.0,4,20.270671347792245,4,158993993.875,18.884376991389512
3130133,우이골목시장(우이시장),384021766.75,55904.0,4,19.76620979579432,2,192010883.375,19.073062617838396
3130139,강북종합전통시장(강북종합골목시장),277049843.5,34727.75,4,19.439707992006948,3,92349947.83333333,18.341095710557756
3130145,쌍문역둘리상점가,358474525.0,50227.25,4,19.697368158296563,5,71694905.0,18.087930257020854
3130146,쌍문시장(쌍문역골목시장),124371891.5,12114.0,4,18.63878676820628,3,41457297.166666664,17.540174495618974
3130153,창동역상점가,1879417568.5,304760.0,4,21.354227762331817,6,313236261.4166667,19.562468295764162
3130163,응암오거리상점가,1415051015.0,181371.0,4,21.07043142110194,4,353762753.75,19.684137062102113
3130167,연신내상점가(연빛거리),951414856.75,143676.5,4,20.67346075856324,9,105712761.8611111,18.47623618963555
3130171,불광먹자골목 골목형상점가,239688323.75,34624.25,4,19.29484999045865,5,47937664.75,17.68541209471289
3130179,"이화여대 3,5,7길 상점가",128844372.25,22748.75,4,18.67411582511417,6,21474062.041666668,16.882356394692625
3130185,망원월드컵시장,501614990.6666667,22501.666666666668,3,20.033343434529076,1,501614990.6666667,20.033343434529073
3130191,홍대 걷고싶은 거리,1551266973.5,291853.0,4,21.162337836888977,8,193908371.6875,19.082896299721583
3130195,도화동 상점가,323032637.75,47329.5,4,19.59326392484346,7,46147519.678571425,17.647353794362118
3130210,목2동시장,443248114.0,75934.5,4,19.909640250230478,4,110812028.5,18.5233458958788
3130214,송화벽화시장(송화골목시장),231843271.0,48276.75,4,19.26157214961856,3,77281090.33333333,18.16295986957697
3130225,개봉중앙시장,444764684.75,67028.25,4,19.91305590420115,5,88952936.95,18.30361800076057
3130236,비단길현대시장(현대시장),208773877.0,29845.75,4,19.156762300782443,3,69591292.33333333,18.058150021694075
3130240,영등포유통상가,235973864.25,35126.0,4,19.27923161639161,3,78657954.75,18.18061933619901
3130241,선유도역 골목형상점가,433792329.5,61195.0,4,19.8880764763944,5,86758465.9,18.278638573181297
3130246,영등포청과시장(조광시장),122374337.5,19251.0,4,18.622595253284505,8,15296792.1875,16.543153768806203
3130248,영등포역지하도상점가,756942936.75,128282.0,4,20.44479842910216,4,189235734.1875,19.05850407194558
3130271,남성역골목시장,39000000.0,5196.5,4,17.479072229734946,3,13000000.0,16.380459992348886
3130285,서원동상점가,1870646145.5,167739.5,4,21.349549741017867,6,311774357.5833333,19.557790274462686
3130290,영림시장,323175937.0,52463.0,4,19.593707432582303,6,53862656.166666664,17.801947978825698
3130295,인헌시장(원당종합시장),175542262.0,26355.5,2,18.983390386693777,2,87771131.0,18.290243211830465
3130310,강남개포시장,322388703.0,54602.75,4,19.59126853076209,4,80597175.75,18.204974178947733
3130311,새마을시장,243827270.75,33206.5,4,19.31197062991214,3,81275756.91666667,18.21335834944656
3130313,방이시장,954231205.0,141520.75,4,20.676416554347195,8,119278900.625,18.596975020003107
3130314,풍납시장,93604047.75,12108.25,4,18.35458419638838,5,18720809.55,16.745146326687472
3130318,로데오거리상점가,1637952888.5,220801.75,4,21.216713060974676,6,272992148.0833333,19.42495359479921
3130323,둔촌역전통시장,102745089.75,14384.0,4,18.447761631610376,3,34248363.25,17.349149362407918
